Job_ID,CompanyID,Location,Designation,Details_ID
1179,1,India,Internship Program,id0011
1217,1,India,Internship,id0012
1261,2,"Hyderabad, Telangana, India",Zonal Business Manager,id0013
1258,3,"Mumbai, Maharashtra, India",Vacancy in airport ground staff Air ticketing Domestic & International,id0014
1270,3,"Pune, Maharashtra, India",Airport Ground Staff,id0015
1274,3,"Chandigarh, Chandigarh, India",Airport Job 2022 - Ground Staff & Air Ticketing,id0016
1206,3,"Nagpur, Maharashtra, India",airport ground staff fresher,id0017
1186,3,"Nagpur, Maharashtra, India",Urgent Vacancy for Airport Ground Staff Jobs,id0018
1188,3,"Pune, Maharashtra, India",Urgent recruitment for Ground Staff,id0019
1106,3,"Nagpur, Maharashtra, India",Urgent Vacancy for Airport Ground Staff Jobs,id0020
1298,3,"Dehradun, Uttarakhand, India",AIRPORT GROUND STAFF VACANCY FOR DEHRADUN,id0021
1315,3,"Pune, Maharashtra, India",Airport Ground Handling Job in Pune,id0022
1300,4,Greater Madurai Area,Digital Services Business Developer China,id0023
1136,4,Greater Madurai Area,SkyChina Product Owner,id0024
1238,4,Greater Madurai Area,HR Digital Transformation,id0025
1142,5,Greater Delhi Area,Algoscale - Consultant - Presales,id0026
1235,6,"South Delhi, Delhi, India",Arabic Linguist,id0027
1030,7,"Jamnagar, Gujarat, India",Data Entry,id0028
1278,8,"Gurgaon, Haryana, India",Fresher for design in plastic parts.,id0029
1007,9,"Mumbai, Maharashtra, India",All Position's - NAFFCO UAE,id0030
1228,10,"Gurugram, Haryana, India",Associate,id0031
1239,11,"New Delhi, Delhi, India",Logistics Import Export Documentation Executive,id0032
1141,12,"New Delhi, Delhi, India",Deputy Manager,id0033
1023,13,"Guwahati, Assam, India",Associate/ Assistant Professor of Management,id0034
1255,13,"Guwahati, Assam, India",Dean Science,id0035
1247,14,"Delhi, India",Private Equity Associate,id0036
1145,15,"New Delhi, Delhi, India",Airport Modern Trade Business development,id0037
1116,16,"Mumbai, Maharashtra, India",Chat Process( Work From Home),id0038
1020,17,"Goa, India",Multiple Positions in Goa,id0039
1016,17,"Goa, Goa, India",Multiple Positions in Goa,id0040
1185,18,"Faridabad, Haryana, India",Quality Assurance Manager,id0041
1198,19,"Agra, Uttar Pradesh, India",Buyer,id0042
1068,20,"New Delhi, Delhi, India",Sales Attendant,id0043
1180,21,"Gurugram, Haryana, India",Multi Vacancies,id0044
1159,22,"Mumbai, Maharashtra, India",Paid Marketing Intern based in GOA,id0045
1307,23,"Mumbai, Maharashtra, India",Assistant Manager - Sales (TribeVibe),id0046
1075,24,NULL,Intern/Graduate hire,id0047
1026,25,"New Delhi, Delhi, India","Programmes and Communications Lead (Science, Innovation and Tech Team)",id0048
1046,26,"Delhi, Delhi, India",Business Development Associate,id0049
1153,26,India,Business Development Associate,id0050
1193,26,"Chennai, Tamil Nadu, India",Business Development Associate,id0051
1240,26,"Bengaluru, Karnataka, India",Business Development Assistant,id0052
1271,26,"Kochi, Kerala, India",Business Development Associate,id0053
1313,26,"Delhi, India",Inside Sales Associate,id0054
1223,27,"Chennai, Tamil Nadu, India",hiring for QA - QMS,id0055
1199,27,"Baddi, Himachal Pradesh, India",Officer/Executive-EHS,id0056
1154,27,"Kolkata, West Bengal, India",hiring for QA - QMS,id0057
1151,27,"Ahmedabad, Gujarat, India",Group Product Manager,id0058
1158,27,"Bengaluru, Karnataka, India",hiring for QA - QMS,id0059
1175,27,"Hyderabad, Telangana, India",hiring for QA - QMS,id0060
1059,27,"Ahmedabad, Gujarat, India",Micro Executive,id0061
1108,27,"Ahmedabad, Gujarat, India",QA Sr.Executive,id0062
1209,28,"Gurugram, Haryana, India",Business Development Associate,id0063
1056,29,"Gurugram, Haryana, India",Operations Manager C2B,id0064
1042,29,"Gurugram, Haryana, India",Operations Associate C2B,id0065
1310,30,"Pune, Maharashtra, India",Intern,id0066
1024,31,"Gurgaon, Haryana, India",Tele Relationship Manager,id0067
1135,31,"Pune, Maharashtra, India",Assistant Vice President,id0068
1208,31,"Chennai, Tamil Nadu, India",Officer,id0069
1279,32,"Gurugram, Haryana, India",Marketing Intern,id0070
1137,33,"Jaipur, Rajasthan, India",Marketing Executive,id0071
1204,34,"Delhi, Delhi, India",Digital Marketing/SMO/Social Media Internship in Delhi at Cocentrus,id0072
1027,35,"Gurugram, Haryana, India",BDA - Lead Generation,id0073
1131,36,"New Delhi, Delhi, India",GM/Sr. GM- Technical Services,id0074
1284,36,"Bengaluru, Karnataka, India",Head of Department - Expertise Family (IN_CI_),id0075
1022,37,"Kolkata, West Bengal, India",Urgent vacancy for CCE for WFH,id0076
1311,38,"Pune, Maharashtra, India",Business Development Executive,id0077
1057,39,India,Data Science Intern,id0078
1055,39,India,Data Science Intern,id0079
1064,39,India,Data Science Intern,id0080
1129,39,India,cyber security Intern,id0081
1123,39,India,Web development student intern,id0082
1126,39,India,Finance Intern,id0083
1273,39,India,Web Development Intern,id0084
1268,39,"Mumbai, Maharashtra, India",Cyber Security Intern,id0085
1257,39,India,Web Development Intern,id0086
1226,39,India,Web Development Intern,id0087
1242,39,"Bengaluru East, Karnataka, India",Training and Internship in Web Development,id0088
1203,39,India,Web Development Intern,id0089
1210,39,India,Cloud Computing intern,id0090
1213,39,India,Cyber Security Intern,id0091
1196,39,"Mumbai, Maharashtra, India",Finance Intern,id0092
1184,39,India,Finance Training and Internship,id0093
1140,40,"Tiruchirappalli, Tamil Nadu, India",Loss Prevention Associate,id0094
1083,41,"New Delhi, Delhi, India","Associate, Totogi (Remote) ",id0095
1222,41,"New Delhi, Delhi, India","Consultant, Totogi (Remote) ",id0096
1320,41,"Kolkata, West Bengal, India","Associate, Totogi (Remote)",id0097
1305,42,"Tumkur, Karnataka, India",Branch Operations Head,id0098
1219,42,Greater Madurai Area,CASA SALES OFFICER,id0099
1245,42,Greater Madurai Area,CASA Sales Officer,id0100
1286,42,"Periyakulam, Tamil Nadu, India",CASA Sales Officer,id0101
1207,42,"Ahmedabad, Gujarat, India",Branch Manager - Ahmedabad,id0102
1165,42,"Mumbai, Maharashtra, India",Relationship Manager,id0103
1125,42,"Sivakasi, Tamil Nadu, India",CASA Sales Officer,id0104
1021,42,"Delhi, Delhi, India",Relationship Manager,id0105
1009,42,"Tiruvallur, Tamil Nadu, India",casa officer,id0106
1319,43,"Hyderabad, Telangana, India","Steel Detailer, Modeler, Checker",id0107
1040,44,"Delhi, India",Associate,id0108
1290,45,"Gurgaon, Haryana, India",Maintenance Engineer,id0109
1187,46,"Delhi, India",Analyst - Sparkle Fund,id0110
1299,47,"Delhi, India",Business Development Executive,id0111
1275,48,India,Freelance Recruiter,id0112
1029,49,"New Delhi, Delhi, India",Education Counselor,id0113
1269,50,"Mumbai, Maharashtra, India",Supply Associate,id0114
1265,50,"Bengaluru, Karnataka, India",Category Head - Grocery & Brand Partnerships,id0115
1243,50,"Mumbai, Maharashtra, India",Senior Supply Associate,id0116
1283,51,"Delhi Cantonment, Delhi, India",Programme Manager - India,id0117
1110,52,"Gurgaon, Haryana, India",Requirement for Requirement for 3Ds Max Designer,id0118
1077,53,India,Project Coordinator - German language expert (m/f/d),id0119
1004,54,"Gurugram, Haryana, India",Market Research Executive,id0120
1115,55,"Tamil Nadu, India",Business Development Associate,id0121
1262,55,India,BDA,id0122
1232,55,India,BDA,id0123
1095,56,"Gautam Buddha Nagar, Uttar Pradesh, India",Operations Internship in Greater Noida at FarmLokal,id0124
1276,57,"Manesar, Haryana, India",Executive / AM - HR,id0125
1098,58,"Mumbai, Maharashtra, India",Content Writer,id0126
1138,59,"Farrukhnagar, Haryana, India",Trainer,id0127
1010,60,"Delhi, Delhi, India",Urgent Hiring (Online work),id0128
1289,61,"Gurugram, Haryana, India",Manager,id0129
1197,62,India,Marketing Intern,id0130
1152,62,"Delhi, India",Marketing Intern,id0131
1221,63,"New Delhi, Delhi, India",Guest Relations Associate,id0132
1066,64,"Salem, Tamil Nadu, India",Drywall Project Manager: ,id0133
1314,64,"Salem, Tamil Nadu, India",Drywall Estimator,id0134
1316,64,"Salem, Tamil Nadu, India",Drywall Estimator,id0135
1260,65,"Kolkata, West Bengal, India",Subject Matter Expert,id0136
1192,66,"Jodhpur, Rajasthan, India",Relationship Manager,id0137
1157,67,India,Coach (50 USD - 150 USD/hr),id0138
1005,68,"Delhi, Delhi, India",Customer Service Manager,id0139
1017,69,"Pune, Maharashtra, India",Intern/Graduate hire,id0140
1018,69,"Pune, Maharashtra, India",Intern/Graduate hire,id0141
1067,69,"Delhi, India",General Manager- Diplomatic Relations ( Female Only ),id0142
1070,69,"Pune, Maharashtra, India",Intern/Graduate hire,id0143
1060,69,"Bengaluru, Karnataka, India",Technical Engineer,id0144
1062,69,"Jabalpur, Madhya Pradesh, India",Only Students (Freshers),id0145
1044,69,"Pune, Maharashtra, India",Intern/Graduate hire,id0146
1122,69,"Pune, Maharashtra, India",Intern/Graduate hire,id0147
1099,69,"Bengaluru, Karnataka, India",Process Engineer,id0148
1096,69,"Pune, Maharashtra, India",Intern/Graduate hire,id0149
1103,69,"Nagaland, India",Online urgent recruitment,id0150
1076,69,"Nagpur, Maharashtra, India",Assistant,id0151
1072,69,"Bengaluru, Karnataka, India",Technical Engineer,id0152
1148,69,"Pune, Maharashtra, India",Intern/Graduate hire,id0153
1172,69,"Bengaluru, Karnataka, India",College Intern,id0154
1174,69,"Pune, Maharashtra, India",Intern/Graduate hire,id0155
1181,69,"Pune, Maharashtra, India",Intern/Graduate hire,id0156
1182,69,"Pune, Maharashtra, India",Intern/Graduate hire,id0157
1200,69,"Pune, Maharashtra, India",Intern/Graduate hire,id0158
1201,69,"Bengaluru, Karnataka, India",College Intern,id0159
1202,69,"Bengaluru, Karnataka, India",College Intern,id0160
1178,69,"Pune, Maharashtra, India",Intern/Graduate hire,id0161
1277,69,"Pune, Maharashtra, India",Intern/Graduate hire,id0162
1225,69,"Pune, Maharashtra, India",Intern/Graduate hire,id0163
1244,69,"Pune, Maharashtra, India",College Intern,id0164
1250,69,"Pune, Maharashtra, India",College Intern,id0165
1251,69,"Pune, Maharashtra, India",Intern/Graduate hire,id0166
1253,69,"Rajkot, Gujarat, India",Maintenance Engineer,id0167
1294,69,"Pune, Maharashtra, India",College Intern,id0168
1303,69,"Pune, Maharashtra, India",Intern/Graduate hire,id0169
1246,70,"Bengaluru, Karnataka, India",Analyst,id0170
1119,70,"New Delhi, Delhi, India",VP and Head Administration,id0171
1058,70,"Bengaluru, Karnataka, India",Manager,id0172
1281,71,"Mumbai, Maharashtra, India",Relationship Manager- Custody,id0173
1134,72,"Chennai, Tamil Nadu, India",Program Assistant,id0174
1047,73,"New Delhi, Delhi, India",Assistant Manager,id0175
1308,73,"Delhi, India",Client Services Representative,id0176
1043,74,"Gurgaon, Haryana, India",Senior Executive-Corporate Sales,id0177
1107,75,"Mumbai, Maharashtra, India",Professional Education Manager,id0178
1012,76,"Delhi, India",Specialist,id0179
1045,77,"Bengaluru, Karnataka, India",Assistant Manager-Exports,id0180
1054,78,"Hyderabad, Telangana, India",Civil Engineer,id0181
1069,78,"Kolkata, West Bengal, India",Application Engineer,id0182
1013,78,"Vijayawada, Andhra Pradesh, India",Ground Staff,id0183
1032,78,"Chennai, Tamil Nadu, India",Site Supervisor,id0184
1079,78,"Kolkata, West Bengal, India",Data Engineer,id0185
1074,78,"Ahmadnagar, Maharashtra, India",Civil Site Engineer,id0186
1128,78,"Bhopal, Madhya Pradesh, India",Test / Cost Engineer,id0187
1264,78,"Puducherry, Puducherry, India",UI Engineer,id0188
1272,78,"Rewari, Haryana, India",Network Engineer,id0189
1297,78,"Bengaluru, Karnataka, India",Lab Technician,id0190
1205,79,"New Delhi, Delhi, India",Recruiter,id0191
1256,80,India,Freelance,id0192
1011,81,"Delhi, India",Team Lead/Sr Executive,id0193
1037,82,"Pune, Maharashtra, India",Project Coordinator,id0194
1156,82,"Gurgaon, Haryana, India",Technical Proffessional,id0195
1215,83,"Delhi, India",KPMG India Hiring for Stakeholder Engagement,id0196
1291,84,India,Business Development Associate,id0197
1160,85,India,Business Development Associate,id0198
1073,86,"Lucknow, Uttar Pradesh, India",Service Advisor,id0199
1280,87,"New Delhi, Delhi, India",Sales Officer,id0200
1191,88,"Gurgaon, Haryana, India",Sales Officer- Howrah,id0201
1014,89,India,BDA,id0202
1104,90,"Pune, Maharashtra, India",Data Entry part time job/internship at Pune in MentorBoxx,id0203
1105,91,"Gurugram, Haryana, India",Customer Support Representatives (Americas) (Remote),id0204
1084,91,"Gurugram, Haryana, India",Customer Support Representatives (Asia/EMEA) (Remote),id0205
1031,92,"Mumbai, Maharashtra, India",Online Work for Students,id0206
1052,93,"Hyderabad House, Delhi, India",Business Development Management (Institution Sales) Internship in Multiple locations at Monster India,id0207
1309,94,"Ahmedabad, Gujarat, India",Trainer,id0208
1267,95,"Kolkata, West Bengal, India",Back Office Executive,id0209
1220,96,"Bengaluru, Karnataka, India",Junior Relationship Executive operation,id0210
1144,97,"Delhi, Delhi, India",Customer Service & Operations Senior Analyst,id0211
1086,97,"Gurgaon, Haryana, India","Production Manager, VP",id0212
1080,97,"Gurgaon, Haryana, India","Production Manager, VP",id0213
1100,97,"Gurgaon, Haryana, India","Production Manager, VP",id0214
1101,97,"Gurgaon, Haryana, India","Production Manager, VP",id0215
1092,97,"Gurgaon, Haryana, India","Production Manager, VP",id0216
1312,97,"Gurgaon, Haryana, India","Risk Assurance Officer, Associate",id0217
1285,98,"Ghaziabad, Uttar Pradesh, India",Hiring TGT English,id0218
1025,99,"Ranchi, Jharkhand, India",Event Coordinator,id0219
1003,100,"Gurugram, Haryana, India",Receptionist,id0220
1263,101,"Chennai, Tamil Nadu, India",Airport Ground Staff,id0221
1318,101,"Kochi, Kerala, India",Vacancy in airport ground staff Air ticketing Domestic & International,id0222
1224,102,"Kochi, Kerala, India",Freshers//Air Ticketing Executive//Back office//Ground Staff//Admin Executive,id0223
1161,102,"Kochi, Kerala, India",Airline Ground Staff,id0224
1146,102,"Chennai, Tamil Nadu, India",Airport Job 2022 - Ground Staff & Air Ticketing From Chennai,id0225
1171,102,"Kochi, Kerala, India",Urgent Vacancy for Airport Ground Staff Jobs,id0226
1168,102,"Kochi, Kerala, India",Urgent Vacancy for Airport Ground Staff Jobs,id0227
1194,102,"Kochi, Kerala, India",Kochi Airport Hiring for Ground ticketing,id0228
1094,102,"Tamil Nadu, India",Airport Ground Staff Job in Kochi,id0229
1113,103,"Bahadurgarh, Haryana, India",Hiring Alert JOB Hiring Agency Development Manager Salary Good,id0230
1133,104,"Bengaluru, Karnataka, India",Business Development Associate,id0231
1087,104,"Gurugram, Haryana, India",Customer Service Specialist,id0232
1227,105,"Bengaluru, Karnataka, India",Growth Product Manager,id0233
1249,106,"Delhi, Delhi, India",Sales Associate,id0234
1195,107,"Hyderabad, Telangana, India","Assistant Manager - Hyderabad, TG",id0235
1189,107,"Gurgaon, Haryana, India","Claims Representative - Gurgaon, HR",id0236
1065,107,"Hyderabad, Telangana, India","Assistant Manager - Hyderabad, TG",id0237
1143,108,"Gurgaon, Haryana, India",Field Supervisor-Construction,id0238
1166,109,"Delhi, Delhi, India",ORAN Advance,id0239
1163,109,"Delhi, Delhi, India",Checkpoint voucher,id0240
1149,110,"Gurugram, Haryana, India",Remote BDM,id0241
1295,110,"Gurugram, Haryana, India",Program Manager : Supply Excellence,id0242
1114,111,"Bengaluru, Karnataka, India",Customer Success (Indonesia/India),id0243
1039,111,"Delhi, Delhi, India",Customer Success (Indonesia/India),id0244
1231,112,"Peerancheru, Telangana, India",Associate Manager-CME,id0245
1292,113,"Gurugram, Haryana, India",Entrepreneur In Residence | Core Team,id0246
1063,114,"Faridabad, Haryana, India",Business Development Associate,id0247
1006,114,"Gurugram, Haryana, India",Business Development Associate,id0248
1111,114,"Gurugram, Haryana, India",PlanetSpark - Business Development Trainee,id0249
1112,114,"Gurugram, Haryana, India",PlanetSpark - Business Development Trainee,id0250
1097,115,"Mumbai, Maharashtra, India",Sales Marketing Executive,id0251
1234,116,"Sanand, Gujarat, India",Product Supply Manager,id0252
1121,117,"Delhi, Delhi, India",Associate - Gurgaon- Technology Consulting,id0253
1293,117,"Gurugram, Haryana, India",Senior Associate,id0254
1019,118,"Delhi, Delhi, India",Associate - Gurgaon- Technology Consulting,id0255
1214,118,Greater Kolkata Area,Associate,id0256
1190,119,"New Delhi, Delhi, India",Retail Sales Manager,id0257
1173,120,"Gurgaon, Haryana, India",Global HR Coordinator,id0258
1266,121,"New Delhi, Delhi, India",Sales Executive-Delhi Office,id0259
1078,122,"Kheda, Gujarat, India",Assistant Manager,id0260
1288,123,"Sahibzada Ajit Singh Nagar, Punjab, India",Data Entry Clerk,id0261
1124,124,"Delhi, India",SBCC Expert,id0262
1169,125,"Jhagadia, Gujarat, India",Safety Incharge (AM),id0263
1237,126,"Gurugram, Haryana, India",Assistant Manager Human Resources (Engagement),id0264
1117,127,"Gurugram, Haryana, India",Chief Manager Leadership Development,id0265
1139,128,India,PGT Economics,id0266
1302,129,"Bengaluru, Karnataka, India",Procurement Executive,id0267
1164,130,"Indore, Madhya Pradesh, India",Quality Analyst,id0268
1127,131,"Chennai, Tamil Nadu, India",Opportunity For Fresher - Email & Chat Support (WFO),id0269
1028,132,"Gurugram, Haryana, India",Assistant Manager,id0270
1091,133,"Gurugram, Haryana, India",Project Coordinator,id0271
1167,134,India,Team Lead Online Chat Services,id0272
1241,135,"Gurugram, Haryana, India",Business Development Executive,id0273
1049,135,"Bengaluru, Karnataka, India",Business Development Associate(Freshers/WalkIn Interviews Only),id0274
1033,136,India,SFMC,id0275
1118,137,"Gurugram, Haryana, India",Sales Analytics Support,id0276
1120,138,"Kolkata, West Bengal, India",Urgent Requirement for a Reputed Company,id0277
1130,139,"Navi Mumbai, Maharashtra, India",Associate - Customer Service - Work At Home (REF11B),id0278
1085,139,"Chennai, Tamil Nadu, India",AVP-Customer Experience,id0279
1036,139,"Chennai, Tamil Nadu, India",Lead,id0280
1053,139,"Mumbai, Maharashtra, India",Associate-Account Management,id0281
1041,139,"Hyderabad, Telangana, India",Lead-New Hire Training,id0282
1061,139,"Hyderabad, Telangana, India",Senior Manager - Transitions,id0283
1236,139,"Hyderabad, Telangana, India",Associate - Employee Referral,id0284
1170,139,"Mumbai, Maharashtra, India",Associate - Customer Service - Work At Home (REF11B),id0285
1176,139,"Navi Mumbai, Maharashtra, India",Associate - Customer Service - Work At Home (REF11B),id0286
1177,139,"Navi Mumbai, Maharashtra, India",Associate - Customer Service - Work At Home (REF11B),id0287
1150,139,"Chennai, Tamil Nadu, India",Associate Manager - Team Manager,id0288
1162,139,"Navi Mumbai, Maharashtra, India",Associate - Customer Service - Work At Home (REF11B),id0289
1212,139,"Navi Mumbai, Maharashtra, India",Associate - Customer Service - Work At Home (REF11B),id0290
1218,139,"Chennai, Tamil Nadu, India",Associate,id0291
1296,139,"Chennai, Tamil Nadu, India",Pipeline Requisition - Employee Referral,id0292
1304,139,"Hyderabad, Telangana, India",Lead - Data Scientist / Analytics,id0293
1051,140,"Bengaluru, Karnataka, India",Business Associate,id0294
1155,141,"Chandigarh, Chandigarh, India",Manager - Member Experience,id0295
1248,142,"Gurugram, Haryana, India",Senior Executive,id0296
1229,143,"Bengaluru, Karnataka, India",Director Enterprise Item - Target India,id0297
1233,144,"Dakshina Kannada, Karnataka, India",Part-time Remote Work for Urdu Speakers in India,id0298
1282,145,"Navi Mumbai, Maharashtra, India",Program Associate - Placements,id0299
1048,145,"Pune, Maharashtra, India",Academic Advisor,id0300
1002,146,India,Online part time work,id0301
1050,147,"Delhi, Delhi, India",Market Representative- Soft Home/Textiles,id0302
1301,148,"Delhi, Delhi, India","Human Resources (HR) Internship in Gurgaon, Delhi at TNC Aviation",id0303
1015,149,"Noida, Uttar Pradesh, India",Social Media Manager,id0304
1230,150,"Mumbai, Maharashtra, India",Trainer,id0305
1306,151,"Delhi, India",Content Writers on Intern to Hire Model,id0306
1132,152,India,SME Math,id0307
1089,153,"Srinagar, Jammu & Kashmir, India",Relationship Manager,id0308
1093,154,"Dehradun, Uttarakhand, India",Program Associate -Curriculum Testing- Uttarakhand,id0309
1147,154,"Delhi Cantonment, Delhi, India",Program Associate -Entrepreneurship Mindset Curriculum- Delhi,id0310
1001,155,India,User Experience Athlete,id0311
1008,156,India,Community Coordinator,id0312
1211,157,"Bengaluru, Karnataka, India",Events and Community Associate,id0313
1082,158,"Bangalore Urban, Karnataka, India",Massive MIMO,id0314
1254,159,"Gurugram, Haryana, India",Virohan - Officer - Inside Sales,id0315
1090,160,"Gurugram, Haryana, India",Assistant Manager - Talent Aquisition,id0316
1216,161,"Chennai, Tamil Nadu, India",DM Manager,id0317
1183,162,"Noida, Uttar Pradesh, India",educational Counselor,id0318
1252,162,"Gurgaon, Haryana, India",Key accounts manager,id0319
1109,162,"Gurugram, Haryana, India",Project Manager,id0320
1034,163,"Kochi, Kerala, India",Wildcraft - Manager - Institution Sales,id0321
1035,163,"Vishakhapatnam, Andhra Pradesh, India",Wildcraft - Manager - Institution Sales,id0322
1071,163,"Bengaluru, Karnataka, India",Wildcraft - Manager/Executive - Corporate Sales,id0323
1287,164,"Kolkata, West Bengal, India",Associate/Officer/Sr. Officer,id0324
1088,165,"Noida, Uttar Pradesh, India",Relationship Management Specialist,id0325
1102,166,"New Delhi, Delhi, India",Senior Specialist - Circular Economy,id0326
1081,167,"Bengaluru, Karnataka, India",Non voice - Chat and Email,id0327
1317,168,"Gurugram, Haryana, India",Golden Source,id0328
1038,169,"Hyderabad, Telangana, India",Growth Manager,id0329
1259,170,"Bengaluru, Karnataka, India",Circle Manager,id0330
